,composition,Atoms,reduced_formula,mp-id,icsd_id,Make,Matches,0
0,Rb1Bi1Br4,"[1, 1, 4]",RbBiBr4,[],[],True,True,
1,Rb1Bi2Br7,"[1, 2, 7]",RbBi2Br7,mp-1105176,[430594],True,True,
2,Rb1Bi3Br10,"[1, 3, 10]",RbBi3Br10,[],[],False,False,
3,Rb1Bi4Br13,"[1, 4, 13]",RbBi4Br13,[],[],False,False,
4,Rb2Bi1Br5,"[2, 1, 5]",Rb2BiBr5,[],[],True,True,
5,Rb2Bi3Br11,"[2, 3, 11]",Rb2Bi3Br11,[],[],True,False,
6,Rb3Bi1Br6,"[3, 1, 6]",Rb3BiBr6,mp-1114493,[2253],True,True,
7,Rb3Bi2Br9,"[3, 2, 9]",Rb3Bi2Br9,mp-1195363,[431320],True,True,
8,Rb4Bi1Br7,"[4, 1, 7]",Rb4BiBr7,[],[],False,False,
9,Rb4Bi3Br13,"[4, 3, 13]",Rb4Bi3Br13,[],[],True,False,
10,Rb5Bi1Br8,"[5, 1, 8]",Rb5BiBr8,[],[],False,False,
11,Rb5Bi2Br11,"[5, 2, 11]",Rb5Bi2Br11,[],[],True,False,
12,Rb6Bi1Br9,"[6, 1, 9]",Rb6BiBr9,[],[],False,False,
13,Rb7Bi1Br10,"[7, 1, 10]",Rb7BiBr10,[],[],False,False,
14,Rb8Bi1Br11,"[8, 1, 11]",Rb8BiBr11,[],[],False,False,
15,Rb1Bi1I4,"[1, 1, 4]",RbBiI4,[],[],False,True,
16,Rb1Bi2I7,"[1, 2, 7]",RbBi2I7,[],[],False,True,
17,Rb1Bi3I10,"[1, 3, 10]",RbBi3I10,[],[],False,False,
18,Rb1Bi4I13,"[1, 4, 13]",RbBi4I13,[],[],False,False,
19,Rb2Bi1I5,"[2, 1, 5]",Rb2BiI5,[],[],False,True,
20,Rb2Bi3I11,"[2, 3, 11]",Rb2Bi3I11,[],[],False,False,
21,Rb3Bi1I6,"[3, 1, 6]",Rb3BiI6,[],[],False,True,
22,Rb3Bi2I9,"[3, 2, 9]",Rb3Bi2I9,mp-1195034,[431321],True,True,
23,Rb4Bi1I7,"[4, 1, 7]",Rb4BiI7,[],[],False,False,
24,Rb4Bi3I13,"[4, 3, 13]",Rb4Bi3I13,[],[],True,False,
25,Rb5Bi1I8,"[5, 1, 8]",Rb5BiI8,[],[],False,False,
26,Rb5Bi2I11,"[5, 2, 11]",Rb5Bi2I11,[],[],False,False,
27,Rb6Bi1I9,"[6, 1, 9]",Rb6BiI9,[],[],False,False,
28,Rb7Bi1I10,"[7, 1, 10]",Rb7BiI10,[],[],False,False,
29,Rb8Bi1I11,"[8, 1, 11]",Rb8BiI11,[],[],False,False,
30,Rb1Bi1Cl4,"[1, 1, 4]",RbBiCl4,[],[],False,True,
31,Rb1Bi2Cl7,"[1, 2, 7]",RbBi2Cl7,[],[],False,True,
32,Rb1Bi3Cl10,"[1, 3, 10]",RbBi3Cl10,[],[],False,False,
33,Rb1Bi4Cl13,"[1, 4, 13]",RbBi4Cl13,[],[],False,False,
34,Rb2Bi1Cl5,"[2, 1, 5]",Rb2BiCl5,[],[],False,True,
35,Rb2Bi3Cl11,"[2, 3, 11]",Rb2Bi3Cl11,[],[],False,False,
36,Rb3Bi1Cl6,"[3, 1, 6]",Rb3BiCl6,mp-1114619,[],True,True,
37,Rb3Bi2Cl9,"[3, 2, 9]",Rb3Bi2Cl9,[],[],False,True,
38,Rb4Bi1Cl7,"[4, 1, 7]",Rb4BiCl7,[],[],False,False,
39,Rb4Bi3Cl13,"[4, 3, 13]",Rb4Bi3Cl13,[],[],False,False,
40,Rb5Bi1Cl8,"[5, 1, 8]",Rb5BiCl8,[],[],False,False,
41,Rb5Bi2Cl11,"[5, 2, 11]",Rb5Bi2Cl11,[],[],True,False,
42,Rb6Bi1Cl9,"[6, 1, 9]",Rb6BiCl9,[],[],False,False,
43,Rb7Bi1Cl10,"[7, 1, 10]",Rb7BiCl10,[],[],False,False,
44,Rb8Bi1Cl11,"[8, 1, 11]",Rb8BiCl11,[],[],False,False,
45,Rb1Pb1Br3,"[1, 1, 3]",RbPbBr3,mp-998176,[],True,True,
46,Rb1Pb2Br5,"[1, 2, 5]",RbPb2Br5,mp-23043,"[26663, 151990]",True,True,
47,Rb1Pb3Br7,"[1, 3, 7]",RbPb3Br7,[],[],False,False,
48,Rb1Pb4Br9,"[1, 4, 9]",RbPb4Br9,[],[],False,False,
49,Rb1Pb5Br11,"[1, 5, 11]",RbPb5Br11,[],[],False,False,
50,Rb1Pb6Br13,"[1, 6, 13]",RbPb6Br13,[],[],False,False,
51,Rb2Pb1Br4,"[2, 1, 4]",Rb2PbBr4,[],[],True,False,
52,Rb2Pb3Br8,"[2, 3, 8]",Rb2Pb3Br8,[],[],True,False,
53,Rb2Pb5Br12,"[2, 5, 12]",Rb2Pb5Br12,[],[],True,False,
54,Rb3Pb1Br5,"[3, 1, 5]",Rb3PbBr5,[],[],True,True,
55,Rb3Pb2Br7,"[3, 2, 7]",Rb3Pb2Br7,[],[],True,False,
56,Rb3Pb4Br11,"[3, 4, 11]",Rb3Pb4Br11,[],[],True,False,
57,Rb4Pb1Br6,"[4, 1, 6]",Rb4PbBr6,mp-28564,[65300],True,True,
58,Rb4Pb3Br10,"[4, 3, 10]",Rb4Pb3Br10,[],[],True,False,
59,Rb5Pb1Br7,"[5, 1, 7]",Rb5PbBr7,[],[],False,False,
60,Rb5Pb2Br9,"[5, 2, 9]",Rb5Pb2Br9,[],[],True,False,
61,Rb5Pb3Br11,"[5, 3, 11]",Rb5Pb3Br11,[],[],True,False,
62,Rb6Pb1Br8,"[6, 1, 8]",Rb6PbBr8,[],[],False,False,
63,Rb7Pb1Br9,"[7, 1, 9]",Rb7PbBr9,[],[],False,False,
64,Rb7Pb2Br11,"[7, 2, 11]",Rb7Pb2Br11,[],[],True,False,
65,Rb8Pb1Br10,"[8, 1, 10]",Rb8PbBr10,[],[],False,False,
66,Rb1Pb1I3,"[1, 1, 3]",RbPbI3,mp-23517,"[6067, 161482, 161483]",True,True,
67,Rb1Pb2I5,"[1, 2, 5]",RbPb2I5,[],[],False,True,
68,Rb1Pb3I7,"[1, 3, 7]",RbPb3I7,[],[],False,False,
69,Rb1Pb4I9,"[1, 4, 9]",RbPb4I9,[],[],False,False,
70,Rb1Pb5I11,"[1, 5, 11]",RbPb5I11,[],[],False,False,
71,Rb1Pb6I13,"[1, 6, 13]",RbPb6I13,[],[],False,False,
72,Rb2Pb1I4,"[2, 1, 4]",Rb2PbI4,[],[],False,False,
73,Rb2Pb3I8,"[2, 3, 8]",Rb2Pb3I8,[],[],False,False,
74,Rb2Pb5I12,"[2, 5, 12]",Rb2Pb5I12,[],[],False,False,
75,Rb3Pb1I5,"[3, 1, 5]",Rb3PbI5,[],[],False,True,
76,Rb3Pb2I7,"[3, 2, 7]",Rb3Pb2I7,[],[],False,False,
77,Rb3Pb4I11,"[3, 4, 11]",Rb3Pb4I11,[],[],False,False,
78,Rb4Pb1I6,"[4, 1, 6]",Rb4PbI6,[],[],False,True,
79,Rb4Pb3I10,"[4, 3, 10]",Rb4Pb3I10,[],[],False,False,
80,Rb5Pb1I7,"[5, 1, 7]",Rb5PbI7,[],[],False,False,
81,Rb5Pb2I9,"[5, 2, 9]",Rb5Pb2I9,[],[],False,False,
82,Rb5Pb3I11,"[5, 3, 11]",Rb5Pb3I11,[],[],False,False,
83,Rb6Pb1I8,"[6, 1, 8]",Rb6PbI8,[],[],False,False,
84,Rb7Pb1I9,"[7, 1, 9]",Rb7PbI9,[],[],False,False,
85,Rb7Pb2I11,"[7, 2, 11]",Rb7Pb2I11,[],[],False,False,
86,Rb8Pb1I10,"[8, 1, 10]",Rb8PbI10,[],[],False,False,
87,Rb1Pb1Cl3,"[1, 1, 3]",RbPbCl3,mp-998604,[],True,True,
88,Rb1Pb2Cl5,"[1, 2, 5]",RbPb2Cl5,[],[],False,True,
89,Rb1Pb3Cl7,"[1, 3, 7]",RbPb3Cl7,[],[],False,False,
90,Rb1Pb4Cl9,"[1, 4, 9]",RbPb4Cl9,[],[],False,False,
91,Rb1Pb5Cl11,"[1, 5, 11]",RbPb5Cl11,[],[],False,False,
92,Rb1Pb6Cl13,"[1, 6, 13]",RbPb6Cl13,[],[],False,False,
93,Rb2Pb1Cl4,"[2, 1, 4]",Rb2PbCl4,[],[],True,False,
94,Rb2Pb3Cl8,"[2, 3, 8]",Rb2Pb3Cl8,[],[],False,False,
95,Rb2Pb5Cl12,"[2, 5, 12]",Rb2Pb5Cl12,[],[],False,False,
96,Rb3Pb1Cl5,"[3, 1, 5]",Rb3PbCl5,mp-29883,[89570],True,True,
97,Rb3Pb2Cl7,"[3, 2, 7]",Rb3Pb2Cl7,[],[],True,False,
98,Rb3Pb4Cl11,"[3, 4, 11]",Rb3Pb4Cl11,[],[],False,False,
99,Rb4Pb1Cl6,"[4, 1, 6]",Rb4PbCl6,[],[],False,True,
100,Rb4Pb3Cl10,"[4, 3, 10]",Rb4Pb3Cl10,[],[],True,False,
101,Rb5Pb1Cl7,"[5, 1, 7]",Rb5PbCl7,[],[],False,False,
102,Rb5Pb2Cl9,"[5, 2, 9]",Rb5Pb2Cl9,[],[],True,False,
103,Rb5Pb3Cl11,"[5, 3, 11]",Rb5Pb3Cl11,[],[],True,False,
104,Rb6Pb1Cl8,"[6, 1, 8]",Rb6PbCl8,[],[],False,False,
105,Rb7Pb1Cl9,"[7, 1, 9]",Rb7PbCl9,[],[],False,False,
106,Rb7Pb2Cl11,"[7, 2, 11]",Rb7Pb2Cl11,[],[],True,False,
107,Rb8Pb1Cl10,"[8, 1, 10]",Rb8PbCl10,[],[],False,False,
108,Rb1Sb1Br4,"[1, 1, 4]",RbSbBr4,[],[],False,True,
109,Rb1Sb2Br7,"[1, 2, 7]",RbSb2Br7,[],[],False,True,
110,Rb1Sb3Br10,"[1, 3, 10]",RbSb3Br10,[],[],False,False,
111,Rb1Sb4Br13,"[1, 4, 13]",RbSb4Br13,[],[],False,False,
112,Rb2Sb1Br5,"[2, 1, 5]",Rb2SbBr5,[],[],True,True,
113,Rb2Sb3Br11,"[2, 3, 11]",Rb2Sb3Br11,[],[],False,False,
114,Rb3Sb1Br6,"[3, 1, 6]",Rb3SbBr6,mp-1114502,[],True,True,
115,Rb3Sb2Br9,"[3, 2, 9]",Rb3Sb2Br9,mp-1194576,[431322],True,True,
116,Rb4Sb1Br7,"[4, 1, 7]",Rb4SbBr7,[],[],False,False,
117,Rb4Sb3Br13,"[4, 3, 13]",Rb4Sb3Br13,[],[],True,False,
118,Rb5Sb1Br8,"[5, 1, 8]",Rb5SbBr8,[],[],False,False,
119,Rb5Sb2Br11,"[5, 2, 11]",Rb5Sb2Br11,[],[],True,False,
120,Rb6Sb1Br9,"[6, 1, 9]",Rb6SbBr9,[],[],False,False,
121,Rb7Sb1Br10,"[7, 1, 10]",Rb7SbBr10,[],[],False,False,
122,Rb8Sb1Br11,"[8, 1, 11]",Rb8SbBr11,[],[],False,False,
123,Rb1Sb1I4,"[1, 1, 4]",RbSbI4,[],[],False,True,
124,Rb1Sb2I7,"[1, 2, 7]",RbSb2I7,[],[],False,True,
125,Rb1Sb3I10,"[1, 3, 10]",RbSb3I10,[],[],False,False,
126,Rb1Sb4I13,"[1, 4, 13]",RbSb4I13,[],[],False,False,
127,Rb2Sb1I5,"[2, 1, 5]",Rb2SbI5,[],[],True,True,
128,Rb2Sb3I11,"[2, 3, 11]",Rb2Sb3I11,[],[],False,False,
129,Rb3Sb1I6,"[3, 1, 6]",Rb3SbI6,mp-1114515,[],True,True,
130,Rb3Sb2I9,"[3, 2, 9]",Rb3Sb2I9,mp-1195452,[431323],True,True,
131,Rb4Sb1I7,"[4, 1, 7]",Rb4SbI7,[],[],False,False,
132,Rb4Sb3I13,"[4, 3, 13]",Rb4Sb3I13,[],[],True,False,
133,Rb5Sb1I8,"[5, 1, 8]",Rb5SbI8,[],[],False,False,
134,Rb5Sb2I11,"[5, 2, 11]",Rb5Sb2I11,[],[],True,False,
135,Rb6Sb1I9,"[6, 1, 9]",Rb6SbI9,[],[],False,False,
136,Rb7Sb1I10,"[7, 1, 10]",Rb7SbI10,[],[],False,False,
137,Rb8Sb1I11,"[8, 1, 11]",Rb8SbI11,[],[],False,False,
138,Rb1Sb1Cl4,"[1, 1, 4]",RbSbCl4,[],[],False,True,
139,Rb1Sb2Cl7,"[1, 2, 7]",RbSb2Cl7,[],[],False,True,
140,Rb1Sb3Cl10,"[1, 3, 10]",RbSb3Cl10,[],[],False,False,
141,Rb1Sb4Cl13,"[1, 4, 13]",RbSb4Cl13,[],[],False,False,
142,Rb2Sb1Cl5,"[2, 1, 5]",Rb2SbCl5,[],[],False,True,
143,Rb2Sb3Cl11,"[2, 3, 11]",Rb2Sb3Cl11,[],[],False,False,
144,Rb3Sb1Cl6,"[3, 1, 6]",Rb3SbCl6,mp-1114631,[],True,True,
145,Rb3Sb2Cl9,"[3, 2, 9]",Rb3Sb2Cl9,[],[],False,True,
146,Rb4Sb1Cl7,"[4, 1, 7]",Rb4SbCl7,[],[],False,False,
147,Rb4Sb3Cl13,"[4, 3, 13]",Rb4Sb3Cl13,[],[],False,False,
148,Rb5Sb1Cl8,"[5, 1, 8]",Rb5SbCl8,[],[],False,False,
149,Rb5Sb2Cl11,"[5, 2, 11]",Rb5Sb2Cl11,[],[],True,False,
150,Rb6Sb1Cl9,"[6, 1, 9]",Rb6SbCl9,[],[],False,False,
151,Rb7Sb1Cl10,"[7, 1, 10]",Rb7SbCl10,[],[],False,False,
152,Rb8Sb1Cl11,"[8, 1, 11]",Rb8SbCl11,[],[],False,False,
153,Rb1Sn1Br5,"[1, 1, 5]",RbSnBr5,[],[],False,False,
154,Rb1Sn2Br9,"[1, 2, 9]",RbSn2Br9,[],[],False,False,
155,Rb1Sn3Br13,"[1, 3, 13]",RbSn3Br13,[],[],False,False,
156,Rb2Sn1Br6,"[2, 1, 6]",Rb2SnBr6,mp-569028,[158956],True,True,
157,Rb2Sn3Br14,"[2, 3, 14]",Rb2Sn3Br14,[],[],False,False,
158,Rb3Sn1Br7,"[3, 1, 7]",Rb3SnBr7,[],[],False,False,
159,Rb3Sn2Br11,"[3, 2, 11]",Rb3Sn2Br11,[],[],False,False,
160,Rb4Sn1Br8,"[4, 1, 8]",Rb4SnBr8,[],[],False,False,
161,Rb5Sn1Br9,"[5, 1, 9]",Rb5SnBr9,[],[],False,False,
162,Rb5Sn2Br13,"[5, 2, 13]",Rb5Sn2Br13,[],[],False,False,
163,Rb6Sn1Br10,"[6, 1, 10]",Rb6SnBr10,[],[],False,False,
164,Rb7Sn1Br11,"[7, 1, 11]",Rb7SnBr11,[],[],False,False,
165,Rb1Sn1I5,"[1, 1, 5]",RbSnI5,[],[],False,False,
166,Rb1Sn2I9,"[1, 2, 9]",RbSn2I9,[],[],False,False,
167,Rb1Sn3I13,"[1, 3, 13]",RbSn3I13,[],[],False,False,
168,Rb2Sn1I6,"[2, 1, 6]",Rb2SnI6,mp-27635,[22104],True,True,
169,Rb2Sn3I14,"[2, 3, 14]",Rb2Sn3I14,[],[],False,False,
170,Rb3Sn1I7,"[3, 1, 7]",Rb3SnI7,[],[],False,False,
171,Rb3Sn2I11,"[3, 2, 11]",Rb3Sn2I11,[],[],False,False,
172,Rb4Sn1I8,"[4, 1, 8]",Rb4SnI8,[],[],False,False,
173,Rb5Sn1I9,"[5, 1, 9]",Rb5SnI9,[],[],False,False,
174,Rb5Sn2I13,"[5, 2, 13]",Rb5Sn2I13,[],[],False,False,
175,Rb6Sn1I10,"[6, 1, 10]",Rb6SnI10,[],[],False,False,
176,Rb7Sn1I11,"[7, 1, 11]",Rb7SnI11,[],[],False,False,
177,Rb1Sn1Cl5,"[1, 1, 5]",RbSnCl5,[],[],False,False,
178,Rb1Sn2Cl9,"[1, 2, 9]",RbSn2Cl9,[],[],False,False,
179,Rb1Sn3Cl13,"[1, 3, 13]",RbSn3Cl13,[],[],False,False,
180,Rb2Sn1Cl6,"[2, 1, 6]",Rb2SnCl6,mp-23059,"[65059, 65060, 29026, 9022, 26698]",True,True,
181,Rb2Sn3Cl14,"[2, 3, 14]",Rb2Sn3Cl14,[],[],False,False,
182,Rb3Sn1Cl7,"[3, 1, 7]",Rb3SnCl7,[],[],False,False,
183,Rb3Sn2Cl11,"[3, 2, 11]",Rb3Sn2Cl11,[],[],False,False,
184,Rb4Sn1Cl8,"[4, 1, 8]",Rb4SnCl8,[],[],False,False,
185,Rb5Sn1Cl9,"[5, 1, 9]",Rb5SnCl9,[],[],False,False,
186,Rb5Sn2Cl13,"[5, 2, 13]",Rb5Sn2Cl13,[],[],False,False,
187,Rb6Sn1Cl10,"[6, 1, 10]",Rb6SnCl10,[],[],False,False,
188,Rb7Sn1Cl11,"[7, 1, 11]",Rb7SnCl11,[],[],False,False,
189,Rb1In1Br4,"[1, 1, 4]",RbInBr4,[],[],False,True,
190,Rb1In2Br7,"[1, 2, 7]",RbIn2Br7,[],[],False,True,
191,Rb1In3Br10,"[1, 3, 10]",RbIn3Br10,[],[],False,False,
192,Rb1In4Br13,"[1, 4, 13]",RbIn4Br13,[],[],False,False,
193,Rb2In1Br5,"[2, 1, 5]",Rb2InBr5,[],[],False,True,
194,Rb2In3Br11,"[2, 3, 11]",Rb2In3Br11,[],[],False,False,
195,Rb3In1Br6,"[3, 1, 6]",Rb3InBr6,mp-1114624,[],True,True,
196,Rb3In2Br9,"[3, 2, 9]",Rb3In2Br9,[],[],False,True,
197,Rb4In1Br7,"[4, 1, 7]",Rb4InBr7,[],[],False,False,
198,Rb4In3Br13,"[4, 3, 13]",Rb4In3Br13,[],[],False,False,
199,Rb5In1Br8,"[5, 1, 8]",Rb5InBr8,[],[],False,False,
200,Rb5In2Br11,"[5, 2, 11]",Rb5In2Br11,[],[],True,False,
201,Rb6In1Br9,"[6, 1, 9]",Rb6InBr9,[],[],False,False,
202,Rb7In1Br10,"[7, 1, 10]",Rb7InBr10,[],[],False,False,
203,Rb8In1Br11,"[8, 1, 11]",Rb8InBr11,[],[],False,False,
204,Rb1In1I4,"[1, 1, 4]",RbInI4,mp-28198,[36601],True,True,
205,Rb1In2I7,"[1, 2, 7]",RbIn2I7,[],[],False,True,
206,Rb1In3I10,"[1, 3, 10]",RbIn3I10,[],[],False,False,
207,Rb1In4I13,"[1, 4, 13]",RbIn4I13,[],[],False,False,
208,Rb2In1I5,"[2, 1, 5]",Rb2InI5,[],[],True,True,
209,Rb2In3I11,"[2, 3, 11]",Rb2In3I11,[],[],False,False,
210,Rb3In1I6,"[3, 1, 6]",Rb3InI6,mp-1114626,[],True,True,
211,Rb3In2I9,"[3, 2, 9]",Rb3In2I9,[],[],True,True,
212,Rb4In1I7,"[4, 1, 7]",Rb4InI7,[],[],False,False,
213,Rb4In3I13,"[4, 3, 13]",Rb4In3I13,[],[],True,False,
214,Rb5In1I8,"[5, 1, 8]",Rb5InI8,[],[],False,False,
215,Rb5In2I11,"[5, 2, 11]",Rb5In2I11,[],[],True,False,
216,Rb6In1I9,"[6, 1, 9]",Rb6InI9,[],[],False,False,
217,Rb7In1I10,"[7, 1, 10]",Rb7InI10,[],[],False,False,
218,Rb8In1I11,"[8, 1, 11]",Rb8InI11,[],[],False,False,
219,Rb1In1Cl4,"[1, 1, 4]",RbInCl4,[],[],False,True,
220,Rb1In2Cl7,"[1, 2, 7]",RbIn2Cl7,[],[],False,True,
221,Rb1In3Cl10,"[1, 3, 10]",RbIn3Cl10,[],[],False,False,
222,Rb1In4Cl13,"[1, 4, 13]",RbIn4Cl13,[],[],False,False,
223,Rb2In1Cl5,"[2, 1, 5]",Rb2InCl5,[],[],False,True,
224,Rb2In3Cl11,"[2, 3, 11]",Rb2In3Cl11,[],[],False,False,
225,Rb3In1Cl6,"[3, 1, 6]",Rb3InCl6,mp-1114625,[],True,True,
226,Rb3In2Cl9,"[3, 2, 9]",Rb3In2Cl9,[],[],False,True,
227,Rb4In1Cl7,"[4, 1, 7]",Rb4InCl7,[],[],False,False,
228,Rb4In3Cl13,"[4, 3, 13]",Rb4In3Cl13,[],[],False,False,
229,Rb5In1Cl8,"[5, 1, 8]",Rb5InCl8,[],[],False,False,
230,Rb5In2Cl11,"[5, 2, 11]",Rb5In2Cl11,[],[],True,False,
231,Rb6In1Cl9,"[6, 1, 9]",Rb6InCl9,[],[],False,False,
232,Rb7In1Cl10,"[7, 1, 10]",Rb7InCl10,[],[],False,False,
233,Rb8In1Cl11,"[8, 1, 11]",Rb8InCl11,[],[],False,False,
234,Na1Bi1Br4,"[1, 1, 4]",NaBiBr4,[],[],,,
235,Na1Bi2Br7,"[1, 2, 7]",NaBi2Br7,[],[],,,
236,Na1Bi3Br10,"[1, 3, 10]",NaBi3Br10,[],[],,,
237,Na1Bi4Br13,"[1, 4, 13]",NaBi4Br13,[],[],,,
238,Na2Bi1Br5,"[2, 1, 5]",Na2BiBr5,[],[],,,
239,Na2Bi3Br11,"[2, 3, 11]",Na2Bi3Br11,[],[],,,
240,Na3Bi1Br6,"[3, 1, 6]",Na3BiBr6,[],[],,,
241,Na3Bi2Br9,"[3, 2, 9]",Na3Bi2Br9,[],[],,,
242,Na4Bi1Br7,"[4, 1, 7]",Na4BiBr7,[],[],,,
243,Na4Bi3Br13,"[4, 3, 13]",Na4Bi3Br13,[],[],,,
244,Na5Bi1Br8,"[5, 1, 8]",Na5BiBr8,[],[],,,
245,Na5Bi2Br11,"[5, 2, 11]",Na5Bi2Br11,[],[],,,
246,Na6Bi1Br9,"[6, 1, 9]",Na6BiBr9,[],[],,,
247,Na7Bi1Br10,"[7, 1, 10]",Na7BiBr10,[],[],,,
248,Na8Bi1Br11,"[8, 1, 11]",Na8BiBr11,[],[],,,
249,Na1Bi1I4,"[1, 1, 4]",NaBiI4,[],[],,,
250,Na1Bi2I7,"[1, 2, 7]",NaBi2I7,[],[],,,
251,Na1Bi3I10,"[1, 3, 10]",NaBi3I10,[],[],,,
252,Na1Bi4I13,"[1, 4, 13]",NaBi4I13,[],[],,,
253,Na2Bi1I5,"[2, 1, 5]",Na2BiI5,[],[],,,
254,Na2Bi3I11,"[2, 3, 11]",Na2Bi3I11,[],[],,,
255,Na3Bi1I6,"[3, 1, 6]",Na3BiI6,[],[],,,
256,Na3Bi2I9,"[3, 2, 9]",Na3Bi2I9,[],[],,,
257,Na4Bi1I7,"[4, 1, 7]",Na4BiI7,[],[],,,
258,Na4Bi3I13,"[4, 3, 13]",Na4Bi3I13,[],[],,,
259,Na5Bi1I8,"[5, 1, 8]",Na5BiI8,[],[],,,
260,Na5Bi2I11,"[5, 2, 11]",Na5Bi2I11,[],[],,,
261,Na6Bi1I9,"[6, 1, 9]",Na6BiI9,[],[],,,
262,Na7Bi1I10,"[7, 1, 10]",Na7BiI10,[],[],,,
263,Na8Bi1I11,"[8, 1, 11]",Na8BiI11,[],[],,,
264,Na1Bi1Cl4,"[1, 1, 4]",NaBiCl4,[],[],,,
265,Na1Bi2Cl7,"[1, 2, 7]",NaBi2Cl7,[],[],,,
266,Na1Bi3Cl10,"[1, 3, 10]",NaBi3Cl10,[],[],,,
267,Na1Bi4Cl13,"[1, 4, 13]",NaBi4Cl13,[],[],,,
268,Na2Bi1Cl5,"[2, 1, 5]",Na2BiCl5,[],[],,,
269,Na2Bi3Cl11,"[2, 3, 11]",Na2Bi3Cl11,[],[],,,
270,Na3Bi1Cl6,"[3, 1, 6]",Na3BiCl6,[],[],,,
271,Na3Bi2Cl9,"[3, 2, 9]",Na3Bi2Cl9,[],[],,,
272,Na4Bi1Cl7,"[4, 1, 7]",Na4BiCl7,[],[],,,
273,Na4Bi3Cl13,"[4, 3, 13]",Na4Bi3Cl13,[],[],,,
274,Na5Bi1Cl8,"[5, 1, 8]",Na5BiCl8,[],[],,,
275,Na5Bi2Cl11,"[5, 2, 11]",Na5Bi2Cl11,[],[],,,
276,Na6Bi1Cl9,"[6, 1, 9]",Na6BiCl9,[],[],,,
277,Na7Bi1Cl10,"[7, 1, 10]",Na7BiCl10,[],[],,,
278,Na8Bi1Cl11,"[8, 1, 11]",Na8BiCl11,[],[],,,
279,Na1Pb1Br3,"[1, 1, 3]",NaPbBr3,[],[],,,
280,Na1Pb2Br5,"[1, 2, 5]",NaPb2Br5,[],[],,,
281,Na1Pb3Br7,"[1, 3, 7]",NaPb3Br7,[],[],,,
282,Na1Pb4Br9,"[1, 4, 9]",NaPb4Br9,[],[],,,
283,Na1Pb5Br11,"[1, 5, 11]",NaPb5Br11,[],[],,,
284,Na1Pb6Br13,"[1, 6, 13]",NaPb6Br13,[],[],,,
285,Na2Pb1Br4,"[2, 1, 4]",Na2PbBr4,[],[],,,
286,Na2Pb3Br8,"[2, 3, 8]",Na2Pb3Br8,[],[],,,
287,Na2Pb5Br12,"[2, 5, 12]",Na2Pb5Br12,[],[],,,
288,Na3Pb1Br5,"[3, 1, 5]",Na3PbBr5,[],[],,,
289,Na3Pb2Br7,"[3, 2, 7]",Na3Pb2Br7,[],[],,,
290,Na3Pb4Br11,"[3, 4, 11]",Na3Pb4Br11,[],[],,,
291,Na4Pb1Br6,"[4, 1, 6]",Na4PbBr6,[],[],,,
292,Na4Pb3Br10,"[4, 3, 10]",Na4Pb3Br10,[],[],,,
293,Na5Pb1Br7,"[5, 1, 7]",Na5PbBr7,[],[],,,
294,Na5Pb2Br9,"[5, 2, 9]",Na5Pb2Br9,[],[],,,
295,Na5Pb3Br11,"[5, 3, 11]",Na5Pb3Br11,[],[],,,
296,Na6Pb1Br8,"[6, 1, 8]",Na6PbBr8,[],[],,,
297,Na7Pb1Br9,"[7, 1, 9]",Na7PbBr9,[],[],,,
298,Na7Pb2Br11,"[7, 2, 11]",Na7Pb2Br11,[],[],,,
299,Na8Pb1Br10,"[8, 1, 10]",Na8PbBr10,[],[],,,
300,Na1Pb1I3,"[1, 1, 3]",NaPbI3,[],[],,,
301,Na1Pb2I5,"[1, 2, 5]",NaPb2I5,[],[],,,
302,Na1Pb3I7,"[1, 3, 7]",NaPb3I7,[],[],,,
303,Na1Pb4I9,"[1, 4, 9]",NaPb4I9,[],[],,,
304,Na1Pb5I11,"[1, 5, 11]",NaPb5I11,[],[],,,
305,Na1Pb6I13,"[1, 6, 13]",NaPb6I13,[],[],,,
306,Na2Pb1I4,"[2, 1, 4]",Na2PbI4,[],[],,,
307,Na2Pb3I8,"[2, 3, 8]",Na2Pb3I8,[],[],,,
308,Na2Pb5I12,"[2, 5, 12]",Na2Pb5I12,[],[],,,
309,Na3Pb1I5,"[3, 1, 5]",Na3PbI5,[],[],,,
310,Na3Pb2I7,"[3, 2, 7]",Na3Pb2I7,[],[],,,
311,Na3Pb4I11,"[3, 4, 11]",Na3Pb4I11,[],[],,,
312,Na4Pb1I6,"[4, 1, 6]",Na4PbI6,[],[],,,
313,Na4Pb3I10,"[4, 3, 10]",Na4Pb3I10,[],[],,,
314,Na5Pb1I7,"[5, 1, 7]",Na5PbI7,[],[],,,
315,Na5Pb2I9,"[5, 2, 9]",Na5Pb2I9,[],[],,,
316,Na5Pb3I11,"[5, 3, 11]",Na5Pb3I11,[],[],,,
317,Na6Pb1I8,"[6, 1, 8]",Na6PbI8,[],[],,,
318,Na7Pb1I9,"[7, 1, 9]",Na7PbI9,[],[],,,
319,Na7Pb2I11,"[7, 2, 11]",Na7Pb2I11,[],[],,,
320,Na8Pb1I10,"[8, 1, 10]",Na8PbI10,[],[],,,
321,Na1Pb1Cl3,"[1, 1, 3]",NaPbCl3,[],[],,,
322,Na1Pb2Cl5,"[1, 2, 5]",NaPb2Cl5,[],[],,,
323,Na1Pb3Cl7,"[1, 3, 7]",NaPb3Cl7,[],[],,,
324,Na1Pb4Cl9,"[1, 4, 9]",NaPb4Cl9,[],[],,,
325,Na1Pb5Cl11,"[1, 5, 11]",NaPb5Cl11,[],[],,,
326,Na1Pb6Cl13,"[1, 6, 13]",NaPb6Cl13,[],[],,,
327,Na2Pb1Cl4,"[2, 1, 4]",Na2PbCl4,[],[],,,
328,Na2Pb3Cl8,"[2, 3, 8]",Na2Pb3Cl8,[],[],,,
329,Na2Pb5Cl12,"[2, 5, 12]",Na2Pb5Cl12,[],[],,,
330,Na3Pb1Cl5,"[3, 1, 5]",Na3PbCl5,[],[],,,
331,Na3Pb2Cl7,"[3, 2, 7]",Na3Pb2Cl7,[],[],,,
332,Na3Pb4Cl11,"[3, 4, 11]",Na3Pb4Cl11,[],[],,,
333,Na4Pb1Cl6,"[4, 1, 6]",Na4PbCl6,[],[],,,
334,Na4Pb3Cl10,"[4, 3, 10]",Na4Pb3Cl10,[],[],,,
335,Na5Pb1Cl7,"[5, 1, 7]",Na5PbCl7,[],[],,,
336,Na5Pb2Cl9,"[5, 2, 9]",Na5Pb2Cl9,[],[],,,
337,Na5Pb3Cl11,"[5, 3, 11]",Na5Pb3Cl11,[],[],,,
338,Na6Pb1Cl8,"[6, 1, 8]",Na6PbCl8,[],[],,,
339,Na7Pb1Cl9,"[7, 1, 9]",Na7PbCl9,[],[],,,
340,Na7Pb2Cl11,"[7, 2, 11]",Na7Pb2Cl11,[],[],,,
341,Na8Pb1Cl10,"[8, 1, 10]",Na8PbCl10,[],[],,,
342,Na1Sb1Br4,"[1, 1, 4]",NaSbBr4,[],[],False,True,
343,Na1Sb2Br7,"[1, 2, 7]",NaSb2Br7,[],[],False,True,
344,Na1Sb3Br10,"[1, 3, 10]",NaSb3Br10,[],[],False,False,
345,Na1Sb4Br13,"[1, 4, 13]",NaSb4Br13,[],[],False,False,
346,Na2Sb1Br5,"[2, 1, 5]",Na2SbBr5,[],[],False,True,
347,Na2Sb3Br11,"[2, 3, 11]",Na2Sb3Br11,[],[],False,False,
348,Na3Sb1Br6,"[3, 1, 6]",Na3SbBr6,mp-1113504,[],True,True,
349,Na3Sb2Br9,"[3, 2, 9]",Na3Sb2Br9,[],[],False,True,
350,Na4Sb1Br7,"[4, 1, 7]",Na4SbBr7,[],[],False,False,
351,Na4Sb3Br13,"[4, 3, 13]",Na4Sb3Br13,[],[],False,False,
352,Na5Sb1Br8,"[5, 1, 8]",Na5SbBr8,[],[],False,False,
353,Na5Sb2Br11,"[5, 2, 11]",Na5Sb2Br11,[],[],True,False,
354,Na6Sb1Br9,"[6, 1, 9]",Na6SbBr9,[],[],False,False,
355,Na7Sb1Br10,"[7, 1, 10]",Na7SbBr10,[],[],False,False,
356,Na8Sb1Br11,"[8, 1, 11]",Na8SbBr11,[],[],False,False,
357,Na1Sb1I4,"[1, 1, 4]",NaSbI4,[],[],False,True,
358,Na1Sb2I7,"[1, 2, 7]",NaSb2I7,[],[],False,True,
359,Na1Sb3I10,"[1, 3, 10]",NaSb3I10,[],[],False,False,
360,Na1Sb4I13,"[1, 4, 13]",NaSb4I13,[],[],False,False,
361,Na2Sb1I5,"[2, 1, 5]",Na2SbI5,[],[],False,True,
362,Na2Sb3I11,"[2, 3, 11]",Na2Sb3I11,[],[],False,False,
363,Na3Sb1I6,"[3, 1, 6]",Na3SbI6,mp-1111643,[],True,True,
364,Na3Sb2I9,"[3, 2, 9]",Na3Sb2I9,[],[],False,True,
365,Na4Sb1I7,"[4, 1, 7]",Na4SbI7,[],[],False,False,
366,Na4Sb3I13,"[4, 3, 13]",Na4Sb3I13,[],[],False,False,
367,Na5Sb1I8,"[5, 1, 8]",Na5SbI8,[],[],False,False,
368,Na5Sb2I11,"[5, 2, 11]",Na5Sb2I11,[],[],True,False,
369,Na6Sb1I9,"[6, 1, 9]",Na6SbI9,[],[],False,False,
370,Na7Sb1I10,"[7, 1, 10]",Na7SbI10,[],[],False,False,
371,Na8Sb1I11,"[8, 1, 11]",Na8SbI11,[],[],False,False,
372,Na1Sb1Cl4,"[1, 1, 4]",NaSbCl4,[],[],False,True,
373,Na1Sb2Cl7,"[1, 2, 7]",NaSb2Cl7,[],[],False,True,
374,Na1Sb3Cl10,"[1, 3, 10]",NaSb3Cl10,[],[],False,False,
375,Na1Sb4Cl13,"[1, 4, 13]",NaSb4Cl13,[],[],False,False,
376,Na2Sb1Cl5,"[2, 1, 5]",Na2SbCl5,[],[],False,True,
377,Na2Sb3Cl11,"[2, 3, 11]",Na2Sb3Cl11,[],[],False,False,
378,Na3Sb1Cl6,"[3, 1, 6]",Na3SbCl6,mp-1111897,[],True,True,
379,Na3Sb2Cl9,"[3, 2, 9]",Na3Sb2Cl9,[],[],False,True,
380,Na4Sb1Cl7,"[4, 1, 7]",Na4SbCl7,[],[],False,False,
381,Na4Sb3Cl13,"[4, 3, 13]",Na4Sb3Cl13,[],[],False,False,
382,Na5Sb1Cl8,"[5, 1, 8]",Na5SbCl8,[],[],False,False,
383,Na5Sb2Cl11,"[5, 2, 11]",Na5Sb2Cl11,[],[],True,False,
384,Na6Sb1Cl9,"[6, 1, 9]",Na6SbCl9,[],[],False,False,
385,Na7Sb1Cl10,"[7, 1, 10]",Na7SbCl10,[],[],False,False,
386,Na8Sb1Cl11,"[8, 1, 11]",Na8SbCl11,[],[],False,False,
387,Na1Sn1Br5,"[1, 1, 5]",NaSnBr5,[],[],,,
388,Na1Sn2Br9,"[1, 2, 9]",NaSn2Br9,[],[],,,
389,Na1Sn3Br13,"[1, 3, 13]",NaSn3Br13,[],[],,,
390,Na2Sn1Br6,"[2, 1, 6]",Na2SnBr6,[],[],,,
391,Na2Sn3Br14,"[2, 3, 14]",Na2Sn3Br14,[],[],,,
392,Na3Sn1Br7,"[3, 1, 7]",Na3SnBr7,[],[],,,
393,Na3Sn2Br11,"[3, 2, 11]",Na3Sn2Br11,[],[],,,
394,Na4Sn1Br8,"[4, 1, 8]",Na4SnBr8,[],[],,,
395,Na5Sn1Br9,"[5, 1, 9]",Na5SnBr9,[],[],,,
396,Na5Sn2Br13,"[5, 2, 13]",Na5Sn2Br13,[],[],,,
397,Na6Sn1Br10,"[6, 1, 10]",Na6SnBr10,[],[],,,
398,Na7Sn1Br11,"[7, 1, 11]",Na7SnBr11,[],[],,,
399,Na1Sn1I5,"[1, 1, 5]",NaSnI5,[],[],,,
400,Na1Sn2I9,"[1, 2, 9]",NaSn2I9,[],[],,,
401,Na1Sn3I13,"[1, 3, 13]",NaSn3I13,[],[],,,
402,Na2Sn1I6,"[2, 1, 6]",Na2SnI6,[],[],,,
403,Na2Sn3I14,"[2, 3, 14]",Na2Sn3I14,[],[],,,
404,Na3Sn1I7,"[3, 1, 7]",Na3SnI7,[],[],,,
405,Na3Sn2I11,"[3, 2, 11]",Na3Sn2I11,[],[],,,
406,Na4Sn1I8,"[4, 1, 8]",Na4SnI8,[],[],,,
407,Na5Sn1I9,"[5, 1, 9]",Na5SnI9,[],[],,,
408,Na5Sn2I13,"[5, 2, 13]",Na5Sn2I13,[],[],,,
409,Na6Sn1I10,"[6, 1, 10]",Na6SnI10,[],[],,,
410,Na7Sn1I11,"[7, 1, 11]",Na7SnI11,[],[],,,
411,Na1Sn1Cl5,"[1, 1, 5]",NaSnCl5,[],[],,,
412,Na1Sn2Cl9,"[1, 2, 9]",NaSn2Cl9,[],[],,,
413,Na1Sn3Cl13,"[1, 3, 13]",NaSn3Cl13,[],[],,,
414,Na2Sn1Cl6,"[2, 1, 6]",Na2SnCl6,[],[],,,
415,Na2Sn3Cl14,"[2, 3, 14]",Na2Sn3Cl14,[],[],,,
416,Na3Sn1Cl7,"[3, 1, 7]",Na3SnCl7,[],[],,,
417,Na3Sn2Cl11,"[3, 2, 11]",Na3Sn2Cl11,[],[],,,
418,Na4Sn1Cl8,"[4, 1, 8]",Na4SnCl8,[],[],,,
419,Na5Sn1Cl9,"[5, 1, 9]",Na5SnCl9,[],[],,,
420,Na5Sn2Cl13,"[5, 2, 13]",Na5Sn2Cl13,[],[],,,
421,Na6Sn1Cl10,"[6, 1, 10]",Na6SnCl10,[],[],,,
422,Na7Sn1Cl11,"[7, 1, 11]",Na7SnCl11,[],[],,,
423,Na1In1Br4,"[1, 1, 4]",NaInBr4,mp-28569,[65462],True,True,
424,Na1In2Br7,"[1, 2, 7]",NaIn2Br7,[],[],False,True,
425,Na1In3Br10,"[1, 3, 10]",NaIn3Br10,[],[],False,False,
426,Na1In4Br13,"[1, 4, 13]",NaIn4Br13,[],[],False,False,
427,Na2In1Br5,"[2, 1, 5]",Na2InBr5,[],[],True,True,
428,Na2In3Br11,"[2, 3, 11]",Na2In3Br11,[],[],False,False,
429,Na3In1Br6,"[3, 1, 6]",Na3InBr6,mp-1111892,[],True,True,
430,Na3In2Br9,"[3, 2, 9]",Na3In2Br9,[],[],True,True,
431,Na4In1Br7,"[4, 1, 7]",Na4InBr7,[],[],False,False,
432,Na4In3Br13,"[4, 3, 13]",Na4In3Br13,[],[],True,False,
433,Na5In1Br8,"[5, 1, 8]",Na5InBr8,[],[],False,False,
434,Na5In2Br11,"[5, 2, 11]",Na5In2Br11,[],[],True,False,
435,Na6In1Br9,"[6, 1, 9]",Na6InBr9,[],[],False,False,
436,Na7In1Br10,"[7, 1, 10]",Na7InBr10,[],[],False,False,
437,Na8In1Br11,"[8, 1, 11]",Na8InBr11,[],[],False,False,
438,Na1In1I4,"[1, 1, 4]",NaInI4,mp-28570,[65463],True,True,
439,Na1In2I7,"[1, 2, 7]",NaIn2I7,[],[],False,True,
440,Na1In3I10,"[1, 3, 10]",NaIn3I10,[],[],False,False,
441,Na1In4I13,"[1, 4, 13]",NaIn4I13,[],[],False,False,
442,Na2In1I5,"[2, 1, 5]",Na2InI5,[],[],False,True,
443,Na2In3I11,"[2, 3, 11]",Na2In3I11,[],[],False,False,
444,Na3In1I6,"[3, 1, 6]",Na3InI6,[],[],False,True,
445,Na3In2I9,"[3, 2, 9]",Na3In2I9,[],[],False,True,
446,Na4In1I7,"[4, 1, 7]",Na4InI7,[],[],False,False,
447,Na4In3I13,"[4, 3, 13]",Na4In3I13,[],[],False,False,
448,Na5In1I8,"[5, 1, 8]",Na5InI8,[],[],False,False,
449,Na5In2I11,"[5, 2, 11]",Na5In2I11,[],[],False,False,
450,Na6In1I9,"[6, 1, 9]",Na6InI9,[],[],False,False,
451,Na7In1I10,"[7, 1, 10]",Na7InI10,[],[],False,False,
452,Na8In1I11,"[8, 1, 11]",Na8InI11,[],[],False,False,
453,Na1In1Cl4,"[1, 1, 4]",NaInCl4,[],[],False,True,
454,Na1In2Cl7,"[1, 2, 7]",NaIn2Cl7,[],[],False,True,
455,Na1In3Cl10,"[1, 3, 10]",NaIn3Cl10,[],[],False,False,
456,Na1In4Cl13,"[1, 4, 13]",NaIn4Cl13,[],[],False,False,
457,Na2In1Cl5,"[2, 1, 5]",Na2InCl5,[],[],False,True,
458,Na2In3Cl11,"[2, 3, 11]",Na2In3Cl11,[],[],False,False,
459,Na3In1Cl6,"[3, 1, 6]",Na3InCl6,mp-23503,"[154092, 154093]",True,True,
460,Na3In2Cl9,"[3, 2, 9]",Na3In2Cl9,[],[],False,True,
461,Na4In1Cl7,"[4, 1, 7]",Na4InCl7,[],[],False,False,
462,Na4In3Cl13,"[4, 3, 13]",Na4In3Cl13,[],[],False,False,
463,Na5In1Cl8,"[5, 1, 8]",Na5InCl8,[],[],False,False,
464,Na5In2Cl11,"[5, 2, 11]",Na5In2Cl11,[],[],True,False,
465,Na6In1Cl9,"[6, 1, 9]",Na6InCl9,[],[],False,False,
466,Na7In1Cl10,"[7, 1, 10]",Na7InCl10,[],[],False,False,
467,Na8In1Cl11,"[8, 1, 11]",Na8InCl11,[],[],False,False,
468,K1Bi1Br4,"[1, 1, 4]",KBiBr4,[],[],False,True,
469,K1Bi2Br7,"[1, 2, 7]",KBi2Br7,[],[],False,True,
470,K1Bi3Br10,"[1, 3, 10]",KBi3Br10,[],[],False,False,
471,K1Bi4Br13,"[1, 4, 13]",KBi4Br13,[],[],False,False,
472,K2Bi1Br5,"[2, 1, 5]",K2BiBr5,[],[],False,True,
473,K2Bi3Br11,"[2, 3, 11]",K2Bi3Br11,[],[],False,False,
474,K3Bi1Br6,"[3, 1, 6]",K3BiBr6,mp-1111179,[],True,True,
475,K3Bi2Br9,"[3, 2, 9]",K3Bi2Br9,[],[],False,True,
476,K4Bi1Br7,"[4, 1, 7]",K4BiBr7,[],[],False,False,
477,K4Bi3Br13,"[4, 3, 13]",K4Bi3Br13,[],[],False,False,
478,K5Bi1Br8,"[5, 1, 8]",K5BiBr8,[],[],False,False,
479,K5Bi2Br11,"[5, 2, 11]",K5Bi2Br11,[],[],True,False,
480,K6Bi1Br9,"[6, 1, 9]",K6BiBr9,[],[],False,False,
481,K7Bi1Br10,"[7, 1, 10]",K7BiBr10,[],[],False,False,
482,K8Bi1Br11,"[8, 1, 11]",K8BiBr11,[],[],False,False,
483,K1Bi1I4,"[1, 1, 4]",KBiI4,[],[],False,True,
484,K1Bi2I7,"[1, 2, 7]",KBi2I7,[],[],False,True,
485,K1Bi3I10,"[1, 3, 10]",KBi3I10,[],[],False,False,
486,K1Bi4I13,"[1, 4, 13]",KBi4I13,[],[],False,False,
487,K2Bi1I5,"[2, 1, 5]",K2BiI5,[],[],True,True,
488,K2Bi3I11,"[2, 3, 11]",K2Bi3I11,[],[],False,False,
489,K3Bi1I6,"[3, 1, 6]",K3BiI6,mp-1111496,[],True,True,
490,K3Bi2I9,"[3, 2, 9]",K3Bi2I9,mp-1120792,[],True,True,
491,K4Bi1I7,"[4, 1, 7]",K4BiI7,[],[],False,False,
492,K4Bi3I13,"[4, 3, 13]",K4Bi3I13,[],[],True,False,
493,K5Bi1I8,"[5, 1, 8]",K5BiI8,[],[],False,False,
494,K5Bi2I11,"[5, 2, 11]",K5Bi2I11,[],[],True,False,
495,K6Bi1I9,"[6, 1, 9]",K6BiI9,[],[],False,False,
496,K7Bi1I10,"[7, 1, 10]",K7BiI10,[],[],False,False,
497,K8Bi1I11,"[8, 1, 11]",K8BiI11,[],[],False,False,
498,K1Bi1Cl4,"[1, 1, 4]",KBiCl4,[],[],False,True,
499,K1Bi2Cl7,"[1, 2, 7]",KBi2Cl7,[],[],False,True,
500,K1Bi3Cl10,"[1, 3, 10]",KBi3Cl10,[],[],False,False,
501,K1Bi4Cl13,"[1, 4, 13]",KBi4Cl13,[],[],False,False,
502,K2Bi1Cl5,"[2, 1, 5]",K2BiCl5,[],[],False,True,
503,K2Bi3Cl11,"[2, 3, 11]",K2Bi3Cl11,[],[],False,False,
504,K3Bi1Cl6,"[3, 1, 6]",K3BiCl6,mp-1111497,[],True,True,
505,K3Bi2Cl9,"[3, 2, 9]",K3Bi2Cl9,[],[],False,True,
506,K4Bi1Cl7,"[4, 1, 7]",K4BiCl7,[],[],False,False,
507,K4Bi3Cl13,"[4, 3, 13]",K4Bi3Cl13,[],[],False,False,
508,K5Bi1Cl8,"[5, 1, 8]",K5BiCl8,[],[],False,False,
509,K5Bi2Cl11,"[5, 2, 11]",K5Bi2Cl11,[],[],True,False,
510,K6Bi1Cl9,"[6, 1, 9]",K6BiCl9,[],[],False,False,
511,K7Bi1Cl10,"[7, 1, 10]",K7BiCl10,[],[],False,False,
512,K8Bi1Cl11,"[8, 1, 11]",K8BiCl11,[],[],False,False,
513,K1Pb1Br3,"[1, 1, 3]",KPbBr3,[],[],False,True,
514,K1Pb2Br5,"[1, 2, 5]",KPb2Br5,mp-31508,[250266],True,True,
515,K1Pb3Br7,"[1, 3, 7]",KPb3Br7,[],[],False,False,
516,K1Pb4Br9,"[1, 4, 9]",KPb4Br9,[],[],False,False,
517,K1Pb5Br11,"[1, 5, 11]",KPb5Br11,[],[],False,False,
518,K1Pb6Br13,"[1, 6, 13]",KPb6Br13,[],[],False,False,
519,K2Pb1Br4,"[2, 1, 4]",K2PbBr4,[],[],False,False,
520,K2Pb3Br8,"[2, 3, 8]",K2Pb3Br8,[],[],False,False,
521,K2Pb5Br12,"[2, 5, 12]",K2Pb5Br12,[],[],True,False,
522,K3Pb1Br5,"[3, 1, 5]",K3PbBr5,[],[],False,True,
523,K3Pb2Br7,"[3, 2, 7]",K3Pb2Br7,[],[],False,False,
524,K3Pb4Br11,"[3, 4, 11]",K3Pb4Br11,[],[],False,False,
525,K4Pb1Br6,"[4, 1, 6]",K4PbBr6,[],[],False,True,
526,K4Pb3Br10,"[4, 3, 10]",K4Pb3Br10,[],[],False,False,
527,K5Pb1Br7,"[5, 1, 7]",K5PbBr7,[],[],False,False,
528,K5Pb2Br9,"[5, 2, 9]",K5Pb2Br9,[],[],False,False,
529,K5Pb3Br11,"[5, 3, 11]",K5Pb3Br11,[],[],False,False,
530,K6Pb1Br8,"[6, 1, 8]",K6PbBr8,[],[],False,False,
531,K7Pb1Br9,"[7, 1, 9]",K7PbBr9,[],[],False,False,
532,K7Pb2Br11,"[7, 2, 11]",K7Pb2Br11,[],[],False,False,
533,K8Pb1Br10,"[8, 1, 10]",K8PbBr10,[],[],False,False,
534,K1Pb1I3,"[1, 1, 3]",KPbI3,mp-1211504,[],True,True,
535,K1Pb2I5,"[1, 2, 5]",KPb2I5,[],[],False,True,
536,K1Pb3I7,"[1, 3, 7]",KPb3I7,[],[],False,False,
537,K1Pb4I9,"[1, 4, 9]",KPb4I9,[],[],False,False,
538,K1Pb5I11,"[1, 5, 11]",KPb5I11,[],[],False,False,
539,K1Pb6I13,"[1, 6, 13]",KPb6I13,[],[],False,False,
540,K2Pb1I4,"[2, 1, 4]",K2PbI4,[],[],False,False,
541,K2Pb3I8,"[2, 3, 8]",K2Pb3I8,[],[],False,False,
542,K2Pb5I12,"[2, 5, 12]",K2Pb5I12,[],[],False,False,
543,K3Pb1I5,"[3, 1, 5]",K3PbI5,[],[],False,True,
544,K3Pb2I7,"[3, 2, 7]",K3Pb2I7,[],[],False,False,
545,K3Pb4I11,"[3, 4, 11]",K3Pb4I11,[],[],False,False,
546,K4Pb1I6,"[4, 1, 6]",K4PbI6,[],[],False,True,
547,K4Pb3I10,"[4, 3, 10]",K4Pb3I10,[],[],False,False,
548,K5Pb1I7,"[5, 1, 7]",K5PbI7,[],[],False,False,
549,K5Pb2I9,"[5, 2, 9]",K5Pb2I9,[],[],False,False,
550,K5Pb3I11,"[5, 3, 11]",K5Pb3I11,[],[],False,False,
551,K6Pb1I8,"[6, 1, 8]",K6PbI8,[],[],False,False,
552,K7Pb1I9,"[7, 1, 9]",K7PbI9,[],[],False,False,
553,K7Pb2I11,"[7, 2, 11]",K7Pb2I11,[],[],False,False,
554,K8Pb1I10,"[8, 1, 10]",K8PbI10,[],[],False,False,
555,K1Pb1Cl3,"[1, 1, 3]",KPbCl3,[],[],False,True,
556,K1Pb2Cl5,"[1, 2, 5]",KPb2Cl5,mp-607267,"[416431, 250265, 416430, 184282, 157073]",True,True,
557,K1Pb3Cl7,"[1, 3, 7]",KPb3Cl7,[],[],False,False,
558,K1Pb4Cl9,"[1, 4, 9]",KPb4Cl9,[],[],False,False,
559,K1Pb5Cl11,"[1, 5, 11]",KPb5Cl11,[],[],False,False,
560,K1Pb6Cl13,"[1, 6, 13]",KPb6Cl13,[],[],False,False,
561,K2Pb1Cl4,"[2, 1, 4]",K2PbCl4,[],[],False,False,
562,K2Pb3Cl8,"[2, 3, 8]",K2Pb3Cl8,[],[],False,False,
563,K2Pb5Cl12,"[2, 5, 12]",K2Pb5Cl12,[],[],True,False,
564,K3Pb1Cl5,"[3, 1, 5]",K3PbCl5,[],[],False,True,
565,K3Pb2Cl7,"[3, 2, 7]",K3Pb2Cl7,[],[],False,False,
566,K3Pb4Cl11,"[3, 4, 11]",K3Pb4Cl11,[],[],False,False,
567,K4Pb1Cl6,"[4, 1, 6]",K4PbCl6,[],[],False,True,
568,K4Pb3Cl10,"[4, 3, 10]",K4Pb3Cl10,[],[],False,False,
569,K5Pb1Cl7,"[5, 1, 7]",K5PbCl7,[],[],False,False,
570,K5Pb2Cl9,"[5, 2, 9]",K5Pb2Cl9,[],[],False,False,
571,K5Pb3Cl11,"[5, 3, 11]",K5Pb3Cl11,[],[],False,False,
572,K6Pb1Cl8,"[6, 1, 8]",K6PbCl8,[],[],False,False,
573,K7Pb1Cl9,"[7, 1, 9]",K7PbCl9,[],[],False,False,
574,K7Pb2Cl11,"[7, 2, 11]",K7Pb2Cl11,[],[],False,False,
575,K8Pb1Cl10,"[8, 1, 10]",K8PbCl10,[],[],False,False,
576,K1Sb1Br4,"[1, 1, 4]",KSbBr4,[],[],False,True,
577,K1Sb2Br7,"[1, 2, 7]",KSb2Br7,[],[],False,True,
578,K1Sb3Br10,"[1, 3, 10]",KSb3Br10,[],[],False,False,
579,K1Sb4Br13,"[1, 4, 13]",KSb4Br13,[],[],False,False,
580,K2Sb1Br5,"[2, 1, 5]",K2SbBr5,[],[],False,True,
581,K2Sb3Br11,"[2, 3, 11]",K2Sb3Br11,[],[],False,False,
582,K3Sb1Br6,"[3, 1, 6]",K3SbBr6,mp-1111166,[],True,True,
583,K3Sb2Br9,"[3, 2, 9]",K3Sb2Br9,[],[],False,True,
584,K4Sb1Br7,"[4, 1, 7]",K4SbBr7,[],[],False,False,
585,K4Sb3Br13,"[4, 3, 13]",K4Sb3Br13,[],[],False,False,
586,K5Sb1Br8,"[5, 1, 8]",K5SbBr8,[],[],False,False,
587,K5Sb2Br11,"[5, 2, 11]",K5Sb2Br11,[],[],True,False,
588,K6Sb1Br9,"[6, 1, 9]",K6SbBr9,[],[],False,False,
589,K7Sb1Br10,"[7, 1, 10]",K7SbBr10,[],[],False,False,
590,K8Sb1Br11,"[8, 1, 11]",K8SbBr11,[],[],False,False,
591,K1Sb1I4,"[1, 1, 4]",KSbI4,[],[],False,True,
592,K1Sb2I7,"[1, 2, 7]",KSb2I7,[],[],False,True,
593,K1Sb3I10,"[1, 3, 10]",KSb3I10,[],[],False,False,
594,K1Sb4I13,"[1, 4, 13]",KSb4I13,[],[],False,False,
595,K2Sb1I5,"[2, 1, 5]",K2SbI5,[],[],False,True,
596,K2Sb3I11,"[2, 3, 11]",K2Sb3I11,[],[],False,False,
597,K3Sb1I6,"[3, 1, 6]",K3SbI6,mp-1111167,[],True,True,
598,K3Sb2I9,"[3, 2, 9]",K3Sb2I9,[],[],False,True,
599,K4Sb1I7,"[4, 1, 7]",K4SbI7,[],[],False,False,
600,K4Sb3I13,"[4, 3, 13]",K4Sb3I13,[],[],False,False,
601,K5Sb1I8,"[5, 1, 8]",K5SbI8,[],[],False,False,
602,K5Sb2I11,"[5, 2, 11]",K5Sb2I11,[],[],True,False,
603,K6Sb1I9,"[6, 1, 9]",K6SbI9,[],[],False,False,
604,K7Sb1I10,"[7, 1, 10]",K7SbI10,[],[],False,False,
605,K8Sb1I11,"[8, 1, 11]",K8SbI11,[],[],False,False,
606,K1Sb1Cl4,"[1, 1, 4]",KSbCl4,[],[],False,True,
607,K1Sb2Cl7,"[1, 2, 7]",KSb2Cl7,[],[],False,True,
608,K1Sb3Cl10,"[1, 3, 10]",KSb3Cl10,[],[],False,False,
609,K1Sb4Cl13,"[1, 4, 13]",KSb4Cl13,[],[],False,False,
610,K2Sb1Cl5,"[2, 1, 5]",K2SbCl5,mp-27241,[6059],True,True,
611,K2Sb3Cl11,"[2, 3, 11]",K2Sb3Cl11,[],[],False,False,
612,K3Sb1Cl6,"[3, 1, 6]",K3SbCl6,mp-1111374,[],True,True,
613,K3Sb2Cl9,"[3, 2, 9]",K3Sb2Cl9,[],[],False,True,
614,K4Sb1Cl7,"[4, 1, 7]",K4SbCl7,[],[],False,False,
615,K4Sb3Cl13,"[4, 3, 13]",K4Sb3Cl13,[],[],False,False,
616,K5Sb1Cl8,"[5, 1, 8]",K5SbCl8,[],[],False,False,
617,K5Sb2Cl11,"[5, 2, 11]",K5Sb2Cl11,[],[],True,False,
618,K6Sb1Cl9,"[6, 1, 9]",K6SbCl9,[],[],False,False,
619,K7Sb1Cl10,"[7, 1, 10]",K7SbCl10,[],[],False,False,
620,K8Sb1Cl11,"[8, 1, 11]",K8SbCl11,[],[],False,False,
621,K1Sn1Br5,"[1, 1, 5]",KSnBr5,[],[],False,False,
622,K1Sn2Br9,"[1, 2, 9]",KSn2Br9,[],[],False,False,
623,K1Sn3Br13,"[1, 3, 13]",KSn3Br13,[],[],False,False,
624,K2Sn1Br6,"[2, 1, 6]",K2SnBr6,mp-707190,[30212],True,True,
625,K2Sn3Br14,"[2, 3, 14]",K2Sn3Br14,[],[],False,False,
626,K3Sn1Br7,"[3, 1, 7]",K3SnBr7,[],[],False,False,
627,K3Sn2Br11,"[3, 2, 11]",K3Sn2Br11,[],[],False,False,
628,K4Sn1Br8,"[4, 1, 8]",K4SnBr8,[],[],False,False,
629,K5Sn1Br9,"[5, 1, 9]",K5SnBr9,[],[],False,False,
630,K5Sn2Br13,"[5, 2, 13]",K5Sn2Br13,[],[],False,False,
631,K6Sn1Br10,"[6, 1, 10]",K6SnBr10,[],[],False,False,
632,K7Sn1Br11,"[7, 1, 11]",K7SnBr11,[],[],False,False,
633,K1Sn1I5,"[1, 1, 5]",KSnI5,[],[],,,
634,K1Sn2I9,"[1, 2, 9]",KSn2I9,[],[],,,
635,K1Sn3I13,"[1, 3, 13]",KSn3I13,[],[],,,
636,K2Sn1I6,"[2, 1, 6]",K2SnI6,[],[],,,
637,K2Sn3I14,"[2, 3, 14]",K2Sn3I14,[],[],,,
638,K3Sn1I7,"[3, 1, 7]",K3SnI7,[],[],,,
639,K3Sn2I11,"[3, 2, 11]",K3Sn2I11,[],[],,,
640,K4Sn1I8,"[4, 1, 8]",K4SnI8,[],[],,,
641,K5Sn1I9,"[5, 1, 9]",K5SnI9,[],[],,,
642,K5Sn2I13,"[5, 2, 13]",K5Sn2I13,[],[],,,
643,K6Sn1I10,"[6, 1, 10]",K6SnI10,[],[],,,
644,K7Sn1I11,"[7, 1, 11]",K7SnI11,[],[],,,
645,K1Sn1Cl5,"[1, 1, 5]",KSnCl5,[],[],False,False,
646,K1Sn2Cl9,"[1, 2, 9]",KSn2Cl9,[],[],False,False,
647,K1Sn3Cl13,"[1, 3, 13]",KSn3Cl13,[],[],False,False,
648,K2Sn1Cl6,"[2, 1, 6]",K2SnCl6,mp-23499,"[1668, 604, 6058, 23991, 26111]",True,True,
649,K2Sn3Cl14,"[2, 3, 14]",K2Sn3Cl14,[],[],False,False,
650,K3Sn1Cl7,"[3, 1, 7]",K3SnCl7,[],[],False,False,
651,K3Sn2Cl11,"[3, 2, 11]",K3Sn2Cl11,[],[],False,False,
652,K4Sn1Cl8,"[4, 1, 8]",K4SnCl8,[],[],False,False,
653,K5Sn1Cl9,"[5, 1, 9]",K5SnCl9,[],[],False,False,
654,K5Sn2Cl13,"[5, 2, 13]",K5Sn2Cl13,[],[],False,False,
655,K6Sn1Cl10,"[6, 1, 10]",K6SnCl10,[],[],False,False,
656,K7Sn1Cl11,"[7, 1, 11]",K7SnCl11,[],[],False,False,
657,K1In1Br4,"[1, 1, 4]",KInBr4,mp-22932,"[47141, 409063]",True,True,
658,K1In2Br7,"[1, 2, 7]",KIn2Br7,[],[],False,True,
659,K1In3Br10,"[1, 3, 10]",KIn3Br10,[],[],False,False,
660,K1In4Br13,"[1, 4, 13]",KIn4Br13,[],[],False,False,
661,K2In1Br5,"[2, 1, 5]",K2InBr5,[],[],True,True,
662,K2In3Br11,"[2, 3, 11]",K2In3Br11,[],[],False,False,
663,K3In1Br6,"[3, 1, 6]",K3InBr6,mp-1111490,[],True,True,
664,K3In2Br9,"[3, 2, 9]",K3In2Br9,[],[],True,True,
665,K4In1Br7,"[4, 1, 7]",K4InBr7,[],[],False,False,
666,K4In3Br13,"[4, 3, 13]",K4In3Br13,[],[],True,False,
667,K5In1Br8,"[5, 1, 8]",K5InBr8,[],[],False,False,
668,K5In2Br11,"[5, 2, 11]",K5In2Br11,[],[],True,False,
669,K6In1Br9,"[6, 1, 9]",K6InBr9,[],[],False,False,
670,K7In1Br10,"[7, 1, 10]",K7InBr10,[],[],False,False,
671,K8In1Br11,"[8, 1, 11]",K8InBr11,[],[],False,False,
672,K1In1I4,"[1, 1, 4]",KInI4,mp-677262,[],True,True,
673,K1In2I7,"[1, 2, 7]",KIn2I7,[],[],False,True,
674,K1In3I10,"[1, 3, 10]",KIn3I10,[],[],False,False,
675,K1In4I13,"[1, 4, 13]",KIn4I13,[],[],False,False,
676,K2In1I5,"[2, 1, 5]",K2InI5,[],[],True,True,
677,K2In3I11,"[2, 3, 11]",K2In3I11,[],[],False,False,
678,K3In1I6,"[3, 1, 6]",K3InI6,mp-1111459,[],True,True,
679,K3In2I9,"[3, 2, 9]",K3In2I9,[],[],True,True,
680,K4In1I7,"[4, 1, 7]",K4InI7,[],[],False,False,
681,K4In3I13,"[4, 3, 13]",K4In3I13,[],[],True,False,
682,K5In1I8,"[5, 1, 8]",K5InI8,[],[],False,False,
683,K5In2I11,"[5, 2, 11]",K5In2I11,[],[],True,False,
684,K6In1I9,"[6, 1, 9]",K6InI9,[],[],False,False,
685,K7In1I10,"[7, 1, 10]",K7InI10,[],[],False,False,
686,K8In1I11,"[8, 1, 11]",K8InI11,[],[],False,False,
687,K1In1Cl4,"[1, 1, 4]",KInCl4,[],[],False,True,
688,K1In2Cl7,"[1, 2, 7]",KIn2Cl7,[],[],False,True,
689,K1In3Cl10,"[1, 3, 10]",KIn3Cl10,[],[],False,False,
690,K1In4Cl13,"[1, 4, 13]",KIn4Cl13,[],[],False,False,
691,K2In1Cl5,"[2, 1, 5]",K2InCl5,[],[],False,True,
692,K2In3Cl11,"[2, 3, 11]",K2In3Cl11,[],[],False,False,
693,K3In1Cl6,"[3, 1, 6]",K3InCl6,mp-569132,[172564],True,True,
694,K3In2Cl9,"[3, 2, 9]",K3In2Cl9,[],[],False,True,
695,K4In1Cl7,"[4, 1, 7]",K4InCl7,[],[],False,False,
696,K4In3Cl13,"[4, 3, 13]",K4In3Cl13,[],[],False,False,
697,K5In1Cl8,"[5, 1, 8]",K5InCl8,[],[],False,False,
698,K5In2Cl11,"[5, 2, 11]",K5In2Cl11,[],[],True,False,
699,K6In1Cl9,"[6, 1, 9]",K6InCl9,[],[],False,False,
700,K7In1Cl10,"[7, 1, 10]",K7InCl10,[],[],False,False,
701,K8In1Cl11,"[8, 1, 11]",K8InCl11,[],[],False,False,
702,Cs1Bi1Br4,"[1, 1, 4]",CsBiBr4,[],[],True,True,
703,Cs1Bi2Br7,"[1, 2, 7]",CsBi2Br7,mp-1105273,[430595],True,True,
704,Cs1Bi3Br10,"[1, 3, 10]",CsBi3Br10,[],[],False,False,
705,Cs1Bi4Br13,"[1, 4, 13]",CsBi4Br13,[],[],False,False,
706,Cs2Bi1Br5,"[2, 1, 5]",Cs2BiBr5,[],[],True,True,
707,Cs2Bi3Br11,"[2, 3, 11]",Cs2Bi3Br11,[],[],True,False,
708,Cs3Bi1Br6,"[3, 1, 6]",Cs3BiBr6,mp-1112980,[],True,True,
709,Cs3Bi2Br9,"[3, 2, 9]",Cs3Bi2Br9,mp-27544,[1142],True,True,
710,Cs4Bi1Br7,"[4, 1, 7]",Cs4BiBr7,[],[],False,False,
711,Cs4Bi3Br13,"[4, 3, 13]",Cs4Bi3Br13,[],[],True,False,
712,Cs5Bi1Br8,"[5, 1, 8]",Cs5BiBr8,[],[],False,False,
713,Cs5Bi2Br11,"[5, 2, 11]",Cs5Bi2Br11,[],[],True,False,
714,Cs6Bi1Br9,"[6, 1, 9]",Cs6BiBr9,[],[],False,False,
715,Cs7Bi1Br10,"[7, 1, 10]",Cs7BiBr10,[],[],False,False,
716,Cs8Bi1Br11,"[8, 1, 11]",Cs8BiBr11,[],[],False,False,
717,Cs1Bi1I4,"[1, 1, 4]",CsBiI4,[],[],False,True,
718,Cs1Bi2I7,"[1, 2, 7]",CsBi2I7,[],[],False,True,
719,Cs1Bi3I10,"[1, 3, 10]",CsBi3I10,[],[],False,False,
720,Cs1Bi4I13,"[1, 4, 13]",CsBi4I13,[],[],False,False,
721,Cs2Bi1I5,"[2, 1, 5]",Cs2BiI5,[],[],True,True,
722,Cs2Bi3I11,"[2, 3, 11]",Cs2Bi3I11,[],[],False,False,
723,Cs3Bi1I6,"[3, 1, 6]",Cs3BiI6,mp-1112977,[],True,True,
724,Cs3Bi2I9,"[3, 2, 9]",Cs3Bi2I9,mp-669458,[411633],True,True,
725,Cs4Bi1I7,"[4, 1, 7]",Cs4BiI7,[],[],False,False,
726,Cs4Bi3I13,"[4, 3, 13]",Cs4Bi3I13,[],[],True,False,
727,Cs5Bi1I8,"[5, 1, 8]",Cs5BiI8,[],[],False,False,
728,Cs5Bi2I11,"[5, 2, 11]",Cs5Bi2I11,[],[],True,False,
729,Cs6Bi1I9,"[6, 1, 9]",Cs6BiI9,[],[],False,False,
730,Cs7Bi1I10,"[7, 1, 10]",Cs7BiI10,[],[],False,False,
731,Cs8Bi1I11,"[8, 1, 11]",Cs8BiI11,[],[],False,False,
732,Cs1Bi1Cl4,"[1, 1, 4]",CsBiCl4,[],[],False,True,
733,Cs1Bi2Cl7,"[1, 2, 7]",CsBi2Cl7,[],[],False,True,
734,Cs1Bi3Cl10,"[1, 3, 10]",CsBi3Cl10,[],[],False,False,
735,Cs1Bi4Cl13,"[1, 4, 13]",CsBi4Cl13,[],[],False,False,
736,Cs2Bi1Cl5,"[2, 1, 5]",Cs2BiCl5,[],[],True,True,
737,Cs2Bi3Cl11,"[2, 3, 11]",Cs2Bi3Cl11,[],[],False,False,
738,Cs3Bi1Cl6,"[3, 1, 6]",Cs3BiCl6,mp-1112979,[201982],True,True,
739,Cs3Bi2Cl9,"[3, 2, 9]",Cs3Bi2Cl9,mp-1204727,[2067],True,True,
740,Cs4Bi1Cl7,"[4, 1, 7]",Cs4BiCl7,[],[],False,False,
741,Cs4Bi3Cl13,"[4, 3, 13]",Cs4Bi3Cl13,[],[],True,False,
742,Cs5Bi1Cl8,"[5, 1, 8]",Cs5BiCl8,[],[],False,False,
743,Cs5Bi2Cl11,"[5, 2, 11]",Cs5Bi2Cl11,[],[],True,False,
744,Cs6Bi1Cl9,"[6, 1, 9]",Cs6BiCl9,[],[],False,False,
745,Cs7Bi1Cl10,"[7, 1, 10]",Cs7BiCl10,[],[],False,False,
746,Cs8Bi1Cl11,"[8, 1, 11]",Cs8BiCl11,[],[],False,False,
747,Cs1Pb1Br3,"[1, 1, 3]",CsPbBr3,mp-567629,[97851],True,True,
748,Cs1Pb2Br5,"[1, 2, 5]",CsPb2Br5,mp-1238811,[],True,True,
749,Cs1Pb3Br7,"[1, 3, 7]",CsPb3Br7,[],[],False,False,
750,Cs1Pb4Br9,"[1, 4, 9]",CsPb4Br9,[],[],False,False,
751,Cs1Pb5Br11,"[1, 5, 11]",CsPb5Br11,[],[],False,False,
752,Cs1Pb6Br13,"[1, 6, 13]",CsPb6Br13,[],[],False,False,
753,Cs2Pb1Br4,"[2, 1, 4]",Cs2PbBr4,[],[],True,False,
754,Cs2Pb3Br8,"[2, 3, 8]",Cs2Pb3Br8,[],[],True,False,
755,Cs2Pb5Br12,"[2, 5, 12]",Cs2Pb5Br12,[],[],True,False,
756,Cs3Pb1Br5,"[3, 1, 5]",Cs3PbBr5,[],[],True,True,
757,Cs3Pb2Br7,"[3, 2, 7]",Cs3Pb2Br7,[],[],True,False,
758,Cs3Pb4Br11,"[3, 4, 11]",Cs3Pb4Br11,[],[],True,False,
759,Cs4Pb1Br6,"[4, 1, 6]",Cs4PbBr6,mp-23436,"[25124, 162158]",True,True,
760,Cs4Pb3Br10,"[4, 3, 10]",Cs4Pb3Br10,[],[],True,False,
761,Cs5Pb1Br7,"[5, 1, 7]",Cs5PbBr7,[],[],False,False,
762,Cs5Pb2Br9,"[5, 2, 9]",Cs5Pb2Br9,[],[],True,False,
763,Cs5Pb3Br11,"[5, 3, 11]",Cs5Pb3Br11,[],[],True,False,
764,Cs6Pb1Br8,"[6, 1, 8]",Cs6PbBr8,[],[],False,False,
765,Cs7Pb1Br9,"[7, 1, 9]",Cs7PbBr9,[],[],False,False,
766,Cs7Pb2Br11,"[7, 2, 11]",Cs7Pb2Br11,[],[],True,False,
767,Cs8Pb1Br10,"[8, 1, 10]",Cs8PbBr10,[],[],False,False,
768,Cs1Pb1I3,"[1, 1, 3]",CsPbI3,mp-1120768,"[161481, 181288]",True,True,
769,Cs1Pb2I5,"[1, 2, 5]",CsPb2I5,mp-1238789,[],True,True,
770,Cs1Pb3I7,"[1, 3, 7]",CsPb3I7,[],[],False,False,
771,Cs1Pb4I9,"[1, 4, 9]",CsPb4I9,[],[],False,False,
772,Cs1Pb5I11,"[1, 5, 11]",CsPb5I11,[],[],False,False,
773,Cs1Pb6I13,"[1, 6, 13]",CsPb6I13,[],[],False,False,
774,Cs2Pb1I4,"[2, 1, 4]",Cs2PbI4,[],[],True,False,
775,Cs2Pb3I8,"[2, 3, 8]",Cs2Pb3I8,[],[],True,False,
776,Cs2Pb5I12,"[2, 5, 12]",Cs2Pb5I12,[],[],True,False,
777,Cs3Pb1I5,"[3, 1, 5]",Cs3PbI5,[],[],True,True,
778,Cs3Pb2I7,"[3, 2, 7]",Cs3Pb2I7,[],[],True,False,
779,Cs3Pb4I11,"[3, 4, 11]",Cs3Pb4I11,[],[],True,False,
780,Cs4Pb1I6,"[4, 1, 6]",Cs4PbI6,mp-1238804,[],True,True,
781,Cs4Pb3I10,"[4, 3, 10]",Cs4Pb3I10,[],[],True,False,
782,Cs5Pb1I7,"[5, 1, 7]",Cs5PbI7,[],[],False,False,
783,Cs5Pb2I9,"[5, 2, 9]",Cs5Pb2I9,[],[],True,False,
784,Cs5Pb3I11,"[5, 3, 11]",Cs5Pb3I11,[],[],True,False,
785,Cs6Pb1I8,"[6, 1, 8]",Cs6PbI8,[],[],False,False,
786,Cs7Pb1I9,"[7, 1, 9]",Cs7PbI9,[],[],False,False,
787,Cs7Pb2I11,"[7, 2, 11]",Cs7Pb2I11,[],[],True,False,
788,Cs8Pb1I10,"[8, 1, 10]",Cs8PbI10,[],[],False,False,
789,Cs1Pb1Cl3,"[1, 1, 3]",CsPbCl3,mp-675524,"[201250, 181780, 181286, 201251, 181779, 181781, 29072]",True,True,
790,Cs1Pb2Cl5,"[1, 2, 5]",CsPb2Cl5,mp-1097709,[249888],True,True,
791,Cs1Pb3Cl7,"[1, 3, 7]",CsPb3Cl7,[],[],False,False,
792,Cs1Pb4Cl9,"[1, 4, 9]",CsPb4Cl9,[],[],False,False,
793,Cs1Pb5Cl11,"[1, 5, 11]",CsPb5Cl11,[],[],False,False,
794,Cs1Pb6Cl13,"[1, 6, 13]",CsPb6Cl13,[],[],False,False,
795,Cs2Pb1Cl4,"[2, 1, 4]",Cs2PbCl4,[],[],True,False,
796,Cs2Pb3Cl8,"[2, 3, 8]",Cs2Pb3Cl8,[],[],True,False,
797,Cs2Pb5Cl12,"[2, 5, 12]",Cs2Pb5Cl12,[],[],True,False,
798,Cs3Pb1Cl5,"[3, 1, 5]",Cs3PbCl5,[],[],True,True,
799,Cs3Pb2Cl7,"[3, 2, 7]",Cs3Pb2Cl7,[],[],True,False,
800,Cs3Pb4Cl11,"[3, 4, 11]",Cs3Pb4Cl11,[],[],True,False,
801,Cs4Pb1Cl6,"[4, 1, 6]",Cs4PbCl6,mp-1190733,"[41382, 35703, 25123, 62351]",True,True,
802,Cs4Pb3Cl10,"[4, 3, 10]",Cs4Pb3Cl10,[],[],True,False,
803,Cs5Pb1Cl7,"[5, 1, 7]",Cs5PbCl7,[],[],False,False,
804,Cs5Pb2Cl9,"[5, 2, 9]",Cs5Pb2Cl9,[],[],True,False,
805,Cs5Pb3Cl11,"[5, 3, 11]",Cs5Pb3Cl11,[],[],True,False,
806,Cs6Pb1Cl8,"[6, 1, 8]",Cs6PbCl8,[],[],False,False,
807,Cs7Pb1Cl9,"[7, 1, 9]",Cs7PbCl9,[],[],False,False,
808,Cs7Pb2Cl11,"[7, 2, 11]",Cs7Pb2Cl11,[],[],True,False,
809,Cs8Pb1Cl10,"[8, 1, 10]",Cs8PbCl10,[],[],False,False,
810,Cs1Sb1Br4,"[1, 1, 4]",CsSbBr4,[],[],False,True,
811,Cs1Sb2Br7,"[1, 2, 7]",CsSb2Br7,[],[],False,True,
812,Cs1Sb3Br10,"[1, 3, 10]",CsSb3Br10,[],[],False,False,
813,Cs1Sb4Br13,"[1, 4, 13]",CsSb4Br13,[],[],False,False,
814,Cs2Sb1Br5,"[2, 1, 5]",Cs2SbBr5,[],[],True,True,
815,Cs2Sb3Br11,"[2, 3, 11]",Cs2Sb3Br11,[],[],False,False,
816,Cs3Sb1Br6,"[3, 1, 6]",Cs3SbBr6,mp-1112952,[],True,True,
817,Cs3Sb2Br9,"[3, 2, 9]",Cs3Sb2Br9,mp-579560,[39824],True,True,
818,Cs4Sb1Br7,"[4, 1, 7]",Cs4SbBr7,[],[],False,False,
819,Cs4Sb3Br13,"[4, 3, 13]",Cs4Sb3Br13,[],[],True,False,
820,Cs5Sb1Br8,"[5, 1, 8]",Cs5SbBr8,[],[],False,False,
821,Cs5Sb2Br11,"[5, 2, 11]",Cs5Sb2Br11,[],[],True,False,
822,Cs6Sb1Br9,"[6, 1, 9]",Cs6SbBr9,[],[],False,False,
823,Cs7Sb1Br10,"[7, 1, 10]",Cs7SbBr10,[],[],False,False,
824,Cs8Sb1Br11,"[8, 1, 11]",Cs8SbBr11,[],[],False,False,
825,Cs1Sb1I4,"[1, 1, 4]",CsSbI4,[],[],False,True,
826,Cs1Sb2I7,"[1, 2, 7]",CsSb2I7,[],[],False,True,
827,Cs1Sb3I10,"[1, 3, 10]",CsSb3I10,[],[],False,False,
828,Cs1Sb4I13,"[1, 4, 13]",CsSb4I13,[],[],False,False,
829,Cs2Sb1I5,"[2, 1, 5]",Cs2SbI5,[],[],True,True,
830,Cs2Sb3I11,"[2, 3, 11]",Cs2Sb3I11,[],[],False,False,
831,Cs3Sb1I6,"[3, 1, 6]",Cs3SbI6,mp-1112968,[],True,True,
832,Cs3Sb2I9,"[3, 2, 9]",Cs3Sb2I9,mp-23029,"[300002, 1447, 84989]",True,True,
833,Cs4Sb1I7,"[4, 1, 7]",Cs4SbI7,[],[],False,False,
834,Cs4Sb3I13,"[4, 3, 13]",Cs4Sb3I13,[],[],True,False,
835,Cs5Sb1I8,"[5, 1, 8]",Cs5SbI8,[],[],False,False,
836,Cs5Sb2I11,"[5, 2, 11]",Cs5Sb2I11,[],[],True,False,
837,Cs6Sb1I9,"[6, 1, 9]",Cs6SbI9,[],[],False,False,
838,Cs7Sb1I10,"[7, 1, 10]",Cs7SbI10,[],[],False,False,
839,Cs8Sb1I11,"[8, 1, 11]",Cs8SbI11,[],[],False,False,
840,Cs1Sb1Cl4,"[1, 1, 4]",CsSbCl4,[],[],False,True,
841,Cs1Sb2Cl7,"[1, 2, 7]",CsSb2Cl7,[],[],False,True,
842,Cs1Sb3Cl10,"[1, 3, 10]",CsSb3Cl10,[],[],False,False,
843,Cs1Sb4Cl13,"[1, 4, 13]",CsSb4Cl13,[],[],False,False,
844,Cs2Sb1Cl5,"[2, 1, 5]",Cs2SbCl5,[],[],True,True,
845,Cs2Sb3Cl11,"[2, 3, 11]",Cs2Sb3Cl11,[],[],False,False,
846,Cs3Sb1Cl6,"[3, 1, 6]",Cs3SbCl6,mp-1113496,[],True,True,
847,Cs3Sb2Cl9,"[3, 2, 9]",Cs3Sb2Cl9,mp-27629,[22075],True,True,
848,Cs4Sb1Cl7,"[4, 1, 7]",Cs4SbCl7,[],[],False,False,
849,Cs4Sb3Cl13,"[4, 3, 13]",Cs4Sb3Cl13,[],[],True,False,
850,Cs5Sb1Cl8,"[5, 1, 8]",Cs5SbCl8,[],[],False,False,
851,Cs5Sb2Cl11,"[5, 2, 11]",Cs5Sb2Cl11,[],[],True,False,
852,Cs6Sb1Cl9,"[6, 1, 9]",Cs6SbCl9,[],[],False,False,
853,Cs7Sb1Cl10,"[7, 1, 10]",Cs7SbCl10,[],[],False,False,
854,Cs8Sb1Cl11,"[8, 1, 11]",Cs8SbCl11,[],[],False,False,
855,Cs1Sn1Br5,"[1, 1, 5]",CsSnBr5,[],[],False,False,
856,Cs1Sn2Br9,"[1, 2, 9]",CsSn2Br9,[],[],False,False,
857,Cs1Sn3Br13,"[1, 3, 13]",CsSn3Br13,[],[],False,False,
858,Cs2Sn1Br6,"[2, 1, 6]",Cs2SnBr6,mp-641923,[158957],True,True,
859,Cs2Sn3Br14,"[2, 3, 14]",Cs2Sn3Br14,[],[],False,False,
860,Cs3Sn1Br7,"[3, 1, 7]",Cs3SnBr7,[],[],False,False,
861,Cs3Sn2Br11,"[3, 2, 11]",Cs3Sn2Br11,[],[],False,False,
862,Cs4Sn1Br8,"[4, 1, 8]",Cs4SnBr8,[],[],False,False,
863,Cs5Sn1Br9,"[5, 1, 9]",Cs5SnBr9,[],[],False,False,
864,Cs5Sn2Br13,"[5, 2, 13]",Cs5Sn2Br13,[],[],False,False,
865,Cs6Sn1Br10,"[6, 1, 10]",Cs6SnBr10,[],[],False,False,
866,Cs7Sn1Br11,"[7, 1, 11]",Cs7SnBr11,[],[],False,False,
867,Cs1Sn1I5,"[1, 1, 5]",CsSnI5,[],[],False,False,
868,Cs1Sn2I9,"[1, 2, 9]",CsSn2I9,[],[],False,False,
869,Cs1Sn3I13,"[1, 3, 13]",CsSn3I13,[],[],False,False,
870,Cs2Sn1I6,"[2, 1, 6]",Cs2SnI6,mp-27636,"[250743, 22105]",True,True,
871,Cs2Sn3I14,"[2, 3, 14]",Cs2Sn3I14,[],[],False,False,
872,Cs3Sn1I7,"[3, 1, 7]",Cs3SnI7,[],[],False,False,
873,Cs3Sn2I11,"[3, 2, 11]",Cs3Sn2I11,[],[],False,False,
874,Cs4Sn1I8,"[4, 1, 8]",Cs4SnI8,[],[],False,False,
875,Cs5Sn1I9,"[5, 1, 9]",Cs5SnI9,[],[],False,False,
876,Cs5Sn2I13,"[5, 2, 13]",Cs5Sn2I13,[],[],False,False,
877,Cs6Sn1I10,"[6, 1, 10]",Cs6SnI10,[],[],False,False,
878,Cs7Sn1I11,"[7, 1, 11]",Cs7SnI11,[],[],False,False,
879,Cs1Sn1Cl5,"[1, 1, 5]",CsSnCl5,[],[],False,False,
880,Cs1Sn2Cl9,"[1, 2, 9]",CsSn2Cl9,[],[],False,False,
881,Cs1Sn3Cl13,"[1, 3, 13]",CsSn3Cl13,[],[],False,False,
882,Cs2Sn1Cl6,"[2, 1, 6]",Cs2SnCl6,mp-608555,"[9023, 26699, 29030]",True,True,
883,Cs2Sn3Cl14,"[2, 3, 14]",Cs2Sn3Cl14,[],[],False,False,
884,Cs3Sn1Cl7,"[3, 1, 7]",Cs3SnCl7,[],[],False,False,
885,Cs3Sn2Cl11,"[3, 2, 11]",Cs3Sn2Cl11,[],[],False,False,
886,Cs4Sn1Cl8,"[4, 1, 8]",Cs4SnCl8,[],[],False,False,
887,Cs5Sn1Cl9,"[5, 1, 9]",Cs5SnCl9,[],[],False,False,
888,Cs5Sn2Cl13,"[5, 2, 13]",Cs5Sn2Cl13,[],[],False,False,
889,Cs6Sn1Cl10,"[6, 1, 10]",Cs6SnCl10,[],[],False,False,
890,Cs7Sn1Cl11,"[7, 1, 11]",Cs7SnCl11,[],[],False,False,
891,Cs1In1Br4,"[1, 1, 4]",CsInBr4,[],[],False,True,
892,Cs1In2Br7,"[1, 2, 7]",CsIn2Br7,[],[],False,True,
893,Cs1In3Br10,"[1, 3, 10]",CsIn3Br10,[],[],False,False,
894,Cs1In4Br13,"[1, 4, 13]",CsIn4Br13,[],[],False,False,
895,Cs2In1Br5,"[2, 1, 5]",Cs2InBr5,[],[],False,True,
896,Cs2In3Br11,"[2, 3, 11]",Cs2In3Br11,[],[],False,False,
897,Cs3In1Br6,"[3, 1, 6]",Cs3InBr6,mp-1112651,[],True,True,
898,Cs3In2Br9,"[3, 2, 9]",Cs3In2Br9,[],[],False,True,
899,Cs4In1Br7,"[4, 1, 7]",Cs4InBr7,[],[],False,False,
900,Cs4In3Br13,"[4, 3, 13]",Cs4In3Br13,[],[],False,False,
901,Cs5In1Br8,"[5, 1, 8]",Cs5InBr8,[],[],False,False,
902,Cs5In2Br11,"[5, 2, 11]",Cs5In2Br11,[],[],True,False,
903,Cs6In1Br9,"[6, 1, 9]",Cs6InBr9,[],[],False,False,
904,Cs7In1Br10,"[7, 1, 10]",Cs7InBr10,[],[],False,False,
905,Cs8In1Br11,"[8, 1, 11]",Cs8InBr11,[],[],False,False,
906,Cs1In1I4,"[1, 1, 4]",CsInI4,mp-607987,[36602],True,True,
907,Cs1In2I7,"[1, 2, 7]",CsIn2I7,[],[],False,True,
908,Cs1In3I10,"[1, 3, 10]",CsIn3I10,[],[],False,False,
909,Cs1In4I13,"[1, 4, 13]",CsIn4I13,[],[],False,False,
910,Cs2In1I5,"[2, 1, 5]",Cs2InI5,[],[],True,True,
911,Cs2In3I11,"[2, 3, 11]",Cs2In3I11,[],[],False,False,
912,Cs3In1I6,"[3, 1, 6]",Cs3InI6,mp-1112969,[],True,True,
913,Cs3In2I9,"[3, 2, 9]",Cs3In2I9,[],[],True,True,
914,Cs4In1I7,"[4, 1, 7]",Cs4InI7,[],[],False,False,
915,Cs4In3I13,"[4, 3, 13]",Cs4In3I13,[],[],True,False,
916,Cs5In1I8,"[5, 1, 8]",Cs5InI8,[],[],False,False,
917,Cs5In2I11,"[5, 2, 11]",Cs5In2I11,[],[],True,False,
918,Cs6In1I9,"[6, 1, 9]",Cs6InI9,[],[],False,False,
919,Cs7In1I10,"[7, 1, 10]",Cs7InI10,[],[],False,False,
920,Cs8In1I11,"[8, 1, 11]",Cs8InI11,[],[],False,False,
921,Cs1In1Cl4,"[1, 1, 4]",CsInCl4,[],[],False,True,
922,Cs1In2Cl7,"[1, 2, 7]",CsIn2Cl7,[],[],False,True,
923,Cs1In3Cl10,"[1, 3, 10]",CsIn3Cl10,[],[],False,False,
924,Cs1In4Cl13,"[1, 4, 13]",CsIn4Cl13,[],[],False,False,
925,Cs2In1Cl5,"[2, 1, 5]",Cs2InCl5,[],[],True,True,
926,Cs2In3Cl11,"[2, 3, 11]",Cs2In3Cl11,[],[],False,False,
927,Cs3In1Cl6,"[3, 1, 6]",Cs3InCl6,mp-1112991,[],True,True,
928,Cs3In2Cl9,"[3, 2, 9]",Cs3In2Cl9,mp-27172,[2491],True,True,
929,Cs4In1Cl7,"[4, 1, 7]",Cs4InCl7,[],[],False,False,
930,Cs4In3Cl13,"[4, 3, 13]",Cs4In3Cl13,[],[],True,False,
931,Cs5In1Cl8,"[5, 1, 8]",Cs5InCl8,[],[],False,False,
932,Cs5In2Cl11,"[5, 2, 11]",Cs5In2Cl11,[],[],True,False,
933,Cs6In1Cl9,"[6, 1, 9]",Cs6InCl9,[],[],False,False,
934,Cs7In1Cl10,"[7, 1, 10]",Cs7InCl10,[],[],False,False,
935,Cs8In1Cl11,"[8, 1, 11]",Cs8InCl11,[],[],False,False,
936,,,,,,,,composition
937,,,,,,,,Atoms
938,,,,,,,,reduced_formula
939,,,,,,,,mp-id
940,,,,,,,,icsd_id
941,,,,,,,,Make
942,,,,,,,,Matches
